-300,1.27E-04
-299,1.27E-04
-298,1.27E-04
-297,1.27E-04
-296,1.27E-04
-295,1.27E-04
-294,1.27E-04
-293,1.27E-04
-292,1.27E-04
-291,1.27E-04
-290,1.27E-04
-289,1.27E-04
-288,1.27E-04
-287,1.27E-04
-286,1.27E-04
-285,1.27E-04
-284,1.27E-04
-283,1.27E-04
-282,1.27E-04
-281,1.27E-04
-280,1.27E-04
-279,1.27E-04
-278,1.27E-04
-277,1.27E-04
-276,1.27E-04
-275,1.27E-04
-274,1.27E-04
-273,1.27E-04
-272,1.27E-04
-271,1.27E-04
-270,1.27E-04
-269,1.27E-04
-268,1.27E-04
-267,1.27E-04
-266,1.27E-04
-265,1.27E-04
-264,1.27E-04
-263,1.27E-04
-262,1.27E-04
-261,1.27E-04
-260,1.27E-04
-259,1.27E-04
-258,1.27E-04
-257,1.27E-04
-256,1.27E-04
-255,1.27E-04
-254,1.27E-04
-253,1.27E-04
-252,1.27E-04
-251,1.27E-04
-250,1.27E-04
-249,1.27E-04
-248,1.27E-04
-247,1.27E-04
-246,1.27E-04
-245,1.27E-04
-244,1.27E-04
-243,1.27E-04
-242,1.27E-04
-241,1.27E-04
-240,1.27E-04
-239,1.27E-04
-238,1.27E-04
-237,1.27E-04
-236,1.27E-04
-235,1.27E-04
-234,1.27E-04
-233,1.27E-04
-232,1.27E-04
-231,1.27E-04
-230,1.27E-04
-229,1.27E-04
-228,1.27E-04
-227,1.27E-04
-226,1.27E-04
-225,1.27E-04
-224,1.27E-04
-223,1.27E-04
-222,1.27E-04
-221,1.27E-04
-220,1.27E-04
-219,1.27E-04
-218,1.27E-04
-217,1.27E-04
-216,1.27E-04
-215,1.27E-04
-214,1.27E-04
-213,1.27E-04
-212,1.27E-04
-211,1.27E-04
-210,1.27E-04
-209,1.27E-04
-208,1.27E-04
-207,1.27E-04
-206,1.27E-04
-205,1.27E-04
-204,1.27E-04
-203,1.27E-04
-202,1.27E-04
-201,1.27E-04
-200,1.27E-04
-199,1.27E-04
-198,1.27E-04
-197,1.27E-04
-196,1.27E-04
-195,1.27E-04
-194,1.27E-04
-193,1.27E-04
-192,1.27E-04
-191,1.27E-04
-190,1.27E-04
-189,1.27E-04
-188,1.27E-04
-187,1.27E-04
-186,1.27E-04
-185,1.27E-04
-184,1.27E-04
-183,1.27E-04
-182,1.27E-04
-181,1.27E-04
-180,1.27E-04
-179,1.27E-04
-178,1.27E-04
-177,1.27E-04
-176,1.27E-04
-175,1.27E-04
-174,1.27E-04
-173,1.27E-04
-172,1.27E-04
-171,1.27E-04
-170,1.27E-04
-169,1.27E-04
-168,1.27E-04
-167,1.27E-04
-166,1.27E-04
-165,1.27E-04
-164,1.27E-04
-163,1.27E-04
-162,1.27E-04
-161,1.27E-04
-160,1.27E-04
-159,1.27E-04
-158,1.27E-04
-157,1.27E-04
-156,1.27E-04
-155,1.27E-04
-154,1.27E-04
-153,1.27E-04
-152,1.27E-04
-151,1.27E-04
-150,1.27E-04
-149,1.27E-04
-148,1.27E-04
-147,1.27E-04
-146,1.27E-04
-145,1.27E-04
-144,1.27E-04
-143,1.27E-04
-142,1.27E-04
-141,1.27E-04
-140,1.27E-04
-139,1.27E-04
-138,1.27E-04
-137,1.27E-04
-136,1.27E-04
-135,1.27E-04
-134,1.27E-04
-133,1.27E-04
-132,1.27E-04
-131,1.27E-04
-130,1.27E-04
-129,1.27E-04
-128,1.27E-04
-127,1.27E-04
-126,1.27E-04
-125,1.27E-04
-124,1.27E-04
-123,1.27E-04
-122,1.27E-04
-121,1.27E-04
-120,1.27E-04
-119,1.27E-04
-118,1.27E-04
-117,1.27E-04
-116,1.27E-04
-115,1.27E-04
-114,1.27E-04
-113,1.27E-04
-112,1.27E-04
-111,1.27E-04
-110,1.27E-04
-109,1.27E-04
-108,1.27E-04
-107,1.27E-04
-106,1.27E-04
-105,1.27E-04
-104,1.29E-04
-103,1.31E-04
-102,1.33E-04
-101,1.35E-04
-100,1.38E-04
-99,1.40E-04
-98,1.43E-04
-97,1.46E-04
-96,1.49E-04
-95,1.51E-04
-94,1.54E-04
-93,1.58E-04
-92,1.61E-04
-91,1.64E-04
-90,1.68E-04
-89,1.72E-04
-88,1.76E-04
-87,1.80E-04
-86,1.83E-04
-85,1.87E-04
-84,1.91E-04
-83,1.95E-04
-82,2.01E-04
-81,2.06E-04
-80,2.11E-04
-79,2.15E-04
-78,2.19E-04
-77,2.23E-04
-76,2.28E-04
-75,2.34E-04
-74,2.40E-04
-73,2.46E-04
-72,2.52E-04
-71,2.57E-04
-70,2.63E-04
-69,2.69E-04
-68,2.76E-04
-67,2.83E-04
-66,2.91E-04
-65,2.98E-04
-64,3.06E-04
-63,3.14E-04
-62,3.23E-04
-61,3.31E-04
-60,3.41E-04
-59,3.51E-04
-58,3.61E-04
-57,3.72E-04
-56,3.84E-04
-55,3.96E-04
-54,4.08E-04
-53,4.22E-04
-52,4.36E-04
-51,4.51E-04
-50,4.66E-04
-49,4.83E-04
-48,5.00E-04
-47,5.19E-04
-46,5.38E-04
-45,5.59E-04
-44,5.81E-04
-43,6.04E-04
-42,6.29E-04
-41,6.55E-04
-40,6.83E-04
-39,7.13E-04
-38,7.46E-04
-37,7.80E-04
-36,8.17E-04
-35,8.57E-04
-34,9.00E-04
-33,9.46E-04
-32,9.96E-04
-31,1.05E-03
-30,1.11E-03
-29,1.17E-03
-28,1.25E-03
-27,1.32E-03
-26,1.41E-03
-25,1.50E-03
-24,1.61E-03
-23,1.72E-03
-22,1.85E-03
-21,2.00E-03
-20,2.17E-03
-19,2.36E-03
-18,2.57E-03
-17,2.82E-03
-16,3.11E-03
-15,3.45E-03
-14,3.86E-03
-13,4.34E-03
-12,4.93E-03
-11,5.66E-03
-10,6.57E-03
-9,7.75E-03
-8,9.30E-03
-7,1.14E-02
-6,1.43E-02
-5,1.86E-02
-4,2.52E-02
-3,3.53E-02
-2,5.09E-02
-1,7.08E-02
0,8.32E-02
1,7.62E-02
2,6.12E-02
3,5.11E-02
4,4.89E-02
5,5.45E-02
6,6.64E-02
7,7.77E-02
8,7.91E-02
9,6.93E-02
10,5.60E-02
11,4.73E-02
12,4.54E-02
13,4.91E-02
14,5.44E-02
15,5.67E-02
16,5.45E-02
17,4.81E-02
18,4.04E-02
19,3.54E-02
20,3.44E-02
21,3.54E-02
22,3.59E-02
23,3.53E-02
24,3.35E-02
25,3.02E-02
26,2.65E-02
27,2.38E-02
28,2.24E-02
29,2.15E-02
30,2.06E-02
31,1.96E-02
32,1.84E-02
33,1.67E-02
34,1.47E-02
35,1.26E-02
36,1.11E-02
37,1.01E-02
38,9.36E-03
39,8.55E-03
40,7.70E-03
41,6.84E-03
42,5.85E-03
43,4.81E-03
44,3.98E-03
45,3.38E-03
46,2.95E-03
47,2.64E-03
48,2.40E-03
49,2.21E-03
50,2.02E-03
51,1.81E-03
52,1.60E-03
53,1.44E-03
54,1.31E-03
55,1.21E-03
56,1.12E-03
57,1.05E-03
58,9.83E-04
59,9.26E-04
60,8.75E-04
61,8.29E-04
62,7.87E-04
63,7.48E-04
64,7.13E-04
65,6.81E-04
66,6.51E-04
67,6.23E-04
68,5.98E-04
69,5.74E-04
70,5.51E-04
71,5.30E-04
72,5.10E-04
73,4.92E-04
74,4.74E-04
75,4.58E-04
76,4.42E-04
77,4.28E-04
78,4.14E-04
79,4.01E-04
80,3.88E-04
81,3.76E-04
82,3.65E-04
83,3.54E-04
84,3.44E-04
85,3.34E-04
86,3.25E-04
87,3.16E-04
88,3.08E-04
89,2.99E-04
90,2.92E-04
91,2.84E-04
92,2.77E-04
93,2.70E-04
94,2.64E-04
95,2.57E-04
96,2.51E-04
97,2.46E-04
98,2.40E-04
99,2.35E-04
100,2.30E-04
101,2.25E-04
102,2.21E-04
103,2.17E-04
104,2.13E-04
105,2.09E-04
106,2.05E-04
107,2.01E-04
108,1.97E-04
109,1.94E-04
110,1.91E-04
111,1.88E-04
112,1.85E-04
113,1.82E-04
114,1.79E-04
115,1.76E-04
116,1.73E-04
117,1.70E-04
118,1.67E-04
119,1.64E-04
120,1.62E-04
121,1.60E-04
122,1.58E-04
123,1.55E-04
124,1.52E-04
125,1.49E-04
126,1.46E-04
127,1.44E-04
128,1.42E-04
129,1.40E-04
130,1.37E-04
131,1.35E-04
132,1.32E-04
133,1.29E-04
134,1.27E-04
135,1.27E-04
136,1.27E-04
137,1.27E-04
138,1.27E-04
139,1.27E-04
140,1.27E-04
141,1.27E-04
142,1.27E-04
143,1.27E-04
144,1.27E-04
145,1.27E-04
146,1.27E-04
147,1.27E-04
148,1.27E-04
149,1.27E-04
150,1.27E-04
151,1.27E-04
152,1.27E-04
153,1.27E-04
154,1.27E-04
155,1.27E-04
156,1.27E-04
157,1.27E-04
158,1.27E-04
159,1.27E-04
160,1.27E-04
161,1.27E-04
162,1.27E-04
163,1.27E-04
164,1.27E-04
165,1.27E-04
166,1.27E-04
167,1.27E-04
168,1.27E-04
169,1.27E-04
170,1.27E-04
171,1.27E-04
172,1.27E-04
173,1.27E-04
174,1.27E-04
175,1.27E-04
176,1.27E-04
177,1.27E-04
178,1.27E-04
179,1.27E-04
180,1.27E-04
181,1.27E-04
182,1.27E-04
183,1.27E-04
184,1.27E-04
185,1.27E-04
186,1.27E-04
187,1.27E-04
188,1.27E-04
189,1.27E-04
190,1.27E-04
191,1.27E-04
192,1.27E-04
193,1.27E-04
194,1.27E-04
195,1.27E-04
196,1.27E-04
197,1.27E-04
198,1.27E-04
199,1.27E-04
200,1.27E-04
201,1.27E-04
202,1.27E-04
203,1.27E-04
204,1.27E-04
205,1.27E-04
206,1.27E-04
207,1.27E-04
208,1.27E-04
209,1.27E-04
210,1.27E-04
211,1.27E-04
212,1.27E-04
213,1.27E-04
214,1.27E-04
215,1.27E-04
216,1.27E-04
217,1.27E-04
218,1.27E-04
219,1.27E-04
220,1.27E-04
221,1.27E-04
222,1.27E-04
223,1.27E-04
224,1.27E-04
225,1.27E-04
226,1.27E-04
227,1.27E-04
228,1.27E-04
229,1.27E-04
230,1.27E-04
231,1.27E-04
232,1.27E-04
233,1.27E-04
234,1.27E-04
235,1.27E-04
236,1.27E-04
237,1.27E-04
238,1.27E-04
239,1.27E-04
240,1.27E-04
241,1.27E-04
242,1.27E-04
243,1.27E-04
244,1.27E-04
245,1.27E-04
246,1.27E-04
247,1.27E-04
248,1.27E-04
249,1.27E-04
250,1.27E-04
251,1.27E-04
252,1.27E-04
253,1.27E-04
254,1.27E-04
255,1.27E-04
256,1.27E-04
257,1.27E-04
258,1.27E-04
259,1.27E-04
260,1.27E-04
261,1.27E-04
262,1.27E-04
263,1.27E-04
264,1.27E-04
265,1.27E-04
266,1.27E-04
267,1.27E-04
268,1.27E-04
269,1.27E-04
270,1.27E-04
271,1.27E-04
272,1.27E-04
273,1.27E-04
274,1.27E-04
275,1.27E-04
276,1.27E-04
277,1.27E-04
278,1.27E-04
279,1.27E-04
280,1.27E-04
281,1.27E-04
282,1.27E-04
283,1.27E-04
284,1.27E-04
285,1.27E-04
286,1.27E-04
287,1.27E-04
288,1.27E-04
289,1.27E-04
290,1.27E-04
291,1.27E-04
292,1.27E-04
293,1.27E-04
294,1.27E-04
295,1.27E-04
296,1.27E-04
297,1.27E-04
298,1.27E-04
299,1.27E-04
300,1.27E-04
301,1.27E-04
302,1.27E-04
303,1.27E-04
304,1.27E-04
305,1.27E-04
306,1.27E-04
307,1.27E-04
308,1.27E-04
309,1.27E-04
310,1.27E-04
311,1.27E-04
312,1.27E-04
313,1.27E-04
314,1.27E-04
315,1.27E-04
316,1.27E-04
317,1.27E-04
318,1.27E-04
319,1.27E-04
320,1.27E-04
321,1.27E-04
322,1.27E-04
323,1.27E-04
324,1.27E-04
325,1.27E-04
326,1.27E-04
327,1.27E-04
328,1.29E-04
329,1.31E-04
330,1.33E-04
331,1.35E-04
332,1.38E-04
333,1.41E-04
334,1.43E-04
335,1.46E-04
336,1.48E-04
337,1.51E-04
338,1.54E-04
339,1.57E-04
340,1.60E-04
341,1.64E-04
342,1.67E-04
343,1.70E-04
344,1.73E-04
345,1.77E-04
346,1.80E-04
347,1.84E-04
348,1.88E-04
349,1.93E-04
350,1.97E-04
351,2.01E-04
352,2.06E-04
353,2.10E-04
354,2.15E-04
355,2.21E-04
356,2.26E-04
357,2.32E-04
358,2.38E-04
359,2.44E-04
360,2.50E-04
361,2.57E-04
362,2.64E-04
363,2.71E-04
364,2.79E-04
365,2.87E-04
366,2.96E-04
367,3.05E-04
368,3.14E-04
369,3.24E-04
370,3.35E-04
371,3.46E-04
372,3.57E-04
373,3.70E-04
374,3.83E-04
375,3.96E-04
376,4.11E-04
377,4.26E-04
378,4.43E-04
379,4.60E-04
380,4.78E-04
381,4.98E-04
382,5.19E-04
383,5.41E-04
384,5.65E-04
385,5.91E-04
386,6.19E-04
387,6.49E-04
388,6.81E-04
389,7.15E-04
390,7.53E-04
391,7.94E-04
392,8.38E-04
393,8.86E-04
394,9.39E-04
395,9.97E-04
396,1.06E-03
397,1.13E-03
398,1.21E-03
399,1.30E-03
400,1.40E-03
401,1.51E-03
402,1.63E-03
403,1.77E-03
404,1.93E-03
405,2.12E-03
406,2.34E-03
407,2.59E-03
408,2.90E-03
409,3.26E-03
410,3.70E-03
411,4.25E-03
412,4.94E-03
413,5.82E-03
414,6.98E-03
415,8.57E-03
416,1.08E-02
417,1.40E-02
418,1.89E-02
419,2.66E-02
420,3.82E-02
421,5.24E-02
422,6.09E-02
423,5.69E-02
424,4.71E-02
425,3.97E-02
426,3.77E-02
427,4.15E-02
428,4.98E-02
429,5.76E-02
430,5.88E-02
431,5.23E-02
432,4.32E-02
433,3.67E-02
434,3.49E-02
435,3.72E-02
436,4.06E-02
437,4.23E-02
438,4.08E-02
439,3.63E-02
440,3.08E-02
441,2.71E-02
442,2.61E-02
443,2.65E-02
444,2.68E-02
445,2.63E-02
446,2.48E-02
447,2.24E-02
448,1.95E-02
449,1.72E-02
450,1.57E-02
451,1.46E-02
452,1.37E-02
453,1.27E-02
454,1.17E-02
455,1.05E-02
456,8.96E-03
457,7.52E-03
458,6.48E-03
459,5.83E-03
460,5.28E-03
461,4.65E-03
462,4.05E-03
463,3.56E-03
464,3.06E-03
465,2.55E-03
466,2.15E-03
467,1.85E-03
468,1.62E-03
469,1.45E-03
470,1.31E-03
471,1.19E-03
472,1.10E-03
473,1.02E-03
474,9.45E-04
475,8.83E-04
476,8.28E-04
477,7.79E-04
478,7.35E-04
479,6.95E-04
480,6.59E-04
481,6.25E-04
482,5.95E-04
483,5.67E-04
484,5.41E-04
485,5.17E-04
486,4.95E-04
487,4.74E-04
488,4.55E-04
489,4.37E-04
490,4.20E-04
491,4.04E-04
492,3.89E-04
493,3.75E-04
494,3.62E-04
495,3.50E-04
496,3.38E-04
497,3.27E-04
498,3.16E-04
499,3.06E-04
500,2.97E-04
501,2.88E-04
502,2.79E-04
503,2.71E-04
504,2.63E-04
505,2.56E-04
506,2.49E-04
507,2.42E-04
508,2.35E-04
509,2.29E-04
510,2.23E-04
511,2.18E-04
512,2.12E-04
513,2.07E-04
514,2.02E-04
515,1.98E-04
516,1.94E-04
517,1.89E-04
518,1.86E-04
519,1.82E-04
520,1.79E-04
521,1.77E-04
522,1.76E-04
523,1.75E-04
524,1.74E-04
525,1.73E-04
526,1.71E-04
527,1.69E-04
528,1.66E-04
529,1.64E-04
530,1.63E-04
531,1.63E-04
532,1.62E-04
533,1.62E-04
534,1.61E-04
535,1.60E-04
536,1.57E-04
537,1.54E-04
538,1.52E-04
539,1.50E-04
540,1.48E-04
541,1.48E-04
542,1.48E-04
543,1.48E-04
544,1.46E-04
545,1.41E-04
546,1.37E-04
547,1.33E-04
548,1.32E-04
549,1.31E-04
550,1.32E-04
551,1.32E-04
552,1.29E-04
553,1.27E-04
554,1.27E-04
555,1.27E-04
556,1.27E-04
557,1.27E-04
558,1.27E-04
559,1.27E-04
560,1.27E-04
561,1.27E-04
562,1.27E-04
563,1.27E-04
564,1.27E-04
565,1.27E-04
566,1.27E-04
567,1.27E-04
568,1.27E-04
569,1.27E-04
570,1.27E-04
571,1.27E-04
572,1.27E-04
573,1.27E-04
574,1.27E-04
575,1.27E-04
576,1.27E-04
577,1.27E-04
578,1.27E-04
579,1.27E-04
580,1.27E-04
581,1.27E-04
582,1.27E-04
583,1.27E-04
584,1.27E-04
585,1.27E-04
586,1.27E-04
587,1.27E-04
588,1.27E-04
589,1.27E-04
590,1.27E-04
591,1.27E-04
592,1.27E-04
593,1.27E-04
594,1.27E-04
595,1.27E-04
596,1.27E-04
597,1.27E-04
598,1.27E-04
599,1.27E-04
600,1.27E-04
601,1.27E-04
602,1.27E-04
603,1.27E-04
604,1.27E-04
605,1.27E-04
606,1.27E-04
607,1.27E-04
608,1.27E-04
609,1.27E-04
610,1.27E-04
611,1.27E-04
612,1.27E-04
613,1.27E-04
614,1.27E-04
615,1.27E-04
616,1.27E-04
617,1.27E-04
618,1.27E-04
619,1.27E-04
620,1.27E-04
621,1.27E-04
622,1.27E-04
623,1.27E-04
624,1.27E-04
625,1.27E-04
626,1.27E-04
627,1.27E-04
628,1.27E-04
629,1.27E-04
630,1.27E-04
631,1.27E-04
632,1.27E-04
633,1.27E-04
634,1.27E-04
635,1.27E-04
636,1.27E-04
637,1.27E-04
638,1.27E-04
639,1.27E-04
640,1.27E-04
641,1.27E-04
642,1.27E-04
643,1.27E-04
644,1.27E-04
645,1.27E-04
646,1.27E-04
647,1.27E-04
648,1.27E-04
649,1.27E-04
650,1.27E-04
651,1.27E-04
652,1.27E-04
653,1.27E-04
654,1.27E-04
655,1.27E-04
656,1.27E-04
657,1.27E-04
658,1.27E-04
659,1.27E-04
660,1.27E-04
661,1.27E-04
662,1.27E-04
663,1.27E-04
664,1.27E-04
665,1.27E-04
666,1.27E-04
667,1.27E-04
668,1.27E-04
669,1.27E-04
670,1.27E-04
671,1.27E-04
672,1.27E-04
673,1.27E-04
674,1.27E-04
675,1.27E-04
676,1.27E-04
677,1.27E-04
678,1.27E-04
679,1.27E-04
680,1.27E-04
681,1.27E-04
682,1.27E-04
683,1.27E-04
684,1.27E-04
685,1.27E-04
686,1.27E-04
687,1.27E-04
688,1.27E-04
689,1.27E-04
690,1.27E-04
691,1.27E-04
692,1.27E-04
693,1.27E-04
694,1.27E-04
695,1.27E-04
696,1.27E-04
697,1.27E-04
698,1.27E-04
699,1.27E-04
700,1.27E-04
701,1.27E-04
702,1.27E-04
703,1.27E-04
704,1.27E-04
705,1.27E-04
706,1.27E-04
707,1.27E-04
708,1.27E-04
709,1.27E-04
710,1.27E-04
711,1.27E-04
712,1.27E-04
713,1.27E-04
714,1.27E-04
715,1.27E-04
716,1.27E-04
717,1.27E-04
718,1.27E-04
719,1.27E-04
720,1.27E-04
721,1.27E-04
722,1.27E-04
723,1.27E-04
724,1.27E-04
725,1.27E-04
726,1.27E-04
727,1.27E-04
728,1.27E-04
729,1.27E-04
730,1.27E-04
731,1.27E-04
732,1.27E-04
733,1.27E-04
734,1.27E-04
735,1.27E-04
736,1.27E-04
737,1.27E-04
738,1.27E-04
739,1.27E-04
740,1.27E-04
741,1.27E-04
742,1.27E-04
743,1.27E-04
744,1.27E-04
745,1.27E-04
746,1.27E-04
747,1.27E-04
748,1.27E-04
749,1.27E-04
750,1.27E-04
751,1.27E-04
752,1.27E-04
753,1.27E-04
754,1.27E-04
755,1.27E-04
756,1.27E-04
757,1.27E-04
758,1.27E-04
759,1.27E-04
760,1.27E-04
761,1.27E-04
762,1.27E-04
763,1.27E-04
764,1.27E-04
765,1.27E-04
766,1.27E-04
767,1.27E-04
768,1.27E-04
769,1.27E-04
770,1.27E-04
771,1.27E-04
772,1.27E-04
773,1.27E-04
774,1.27E-04
775,1.27E-04
776,1.27E-04
777,1.27E-04
778,1.27E-04
779,1.27E-04
780,1.27E-04
781,1.27E-04
782,1.27E-04
783,1.27E-04
784,1.27E-04
785,1.27E-04
786,1.27E-04
787,1.27E-04
788,1.27E-04
789,1.27E-04
790,1.29E-04
791,1.33E-04
792,1.37E-04
793,1.41E-04
794,1.46E-04
795,1.50E-04
796,1.56E-04
797,1.61E-04
798,1.67E-04
799,1.72E-04
800,1.79E-04
801,1.86E-04
802,1.93E-04
803,2.00E-04
804,2.09E-04
805,2.17E-04
806,2.27E-04
807,2.37E-04
808,2.48E-04
809,2.59E-04
810,2.72E-04
811,2.85E-04
812,3.00E-04
813,3.16E-04
814,3.33E-04
815,3.52E-04
816,3.73E-04
817,3.96E-04
818,4.21E-04
819,4.49E-04
820,4.79E-04
821,5.14E-04
822,5.52E-04
823,5.95E-04
824,6.44E-04
825,6.99E-04
826,7.63E-04
827,8.36E-04
828,9.22E-04
829,1.02E-03
830,1.14E-03
831,1.28E-03
832,1.46E-03
833,1.67E-03
834,1.94E-03
835,2.29E-03
836,2.74E-03
837,3.36E-03
838,4.23E-03
839,5.50E-03
840,7.42E-03
841,1.04E-02
842,1.49E-02
843,2.02E-02
844,2.34E-02
845,2.26E-02
846,1.94E-02
847,1.66E-02
848,1.56E-02
849,1.68E-02
850,1.96E-02
851,2.24E-02
852,2.30E-02
853,2.09E-02
854,1.76E-02
855,1.50E-02
856,1.40E-02
857,1.46E-02
858,1.56E-02
859,1.61E-02
860,1.54E-02
861,1.37E-02
862,1.17E-02
863,1.04E-02
864,9.92E-03
865,9.95E-03
866,9.96E-03
867,9.66E-03
868,9.00E-03
869,8.05E-03
870,7.03E-03
871,6.18E-03
872,5.54E-03
873,5.04E-03
874,4.62E-03
875,4.25E-03
876,3.86E-03
877,3.42E-03
878,2.94E-03
879,2.49E-03
880,2.15E-03
881,1.93E-03
882,1.73E-03
883,1.52E-03
884,1.33E-03
885,1.17E-03
886,1.01E-03
887,8.51E-04
888,7.29E-04
889,6.38E-04
890,5.68E-04
891,5.13E-04
892,4.68E-04
893,4.30E-04
894,3.98E-04
895,3.71E-04
896,3.46E-04
897,3.25E-04
898,3.06E-04
899,2.89E-04
900,2.73E-04
901,2.59E-04
902,2.47E-04
903,2.35E-04
904,2.24E-04
905,2.14E-04
906,2.05E-04
907,1.96E-04
908,1.88E-04
909,1.80E-04
910,1.73E-04
911,1.67E-04
912,1.61E-04
913,1.55E-04
914,1.49E-04
915,1.44E-04
916,1.39E-04
917,1.35E-04
918,1.30E-04
919,1.27E-04
920,1.27E-04
921,1.27E-04
922,1.27E-04
923,1.27E-04
924,1.27E-04
925,1.27E-04
926,1.27E-04
927,1.27E-04
928,1.27E-04
929,1.27E-04
930,1.27E-04
931,1.27E-04
932,1.27E-04
933,1.27E-04
934,1.27E-04
935,1.27E-04
936,1.27E-04
937,1.27E-04
938,1.27E-04
939,1.27E-04
940,1.27E-04
941,1.27E-04
942,1.27E-04
943,1.27E-04
944,1.27E-04
945,1.27E-04
946,1.27E-04
947,1.27E-04
948,1.27E-04
949,1.27E-04
950,1.27E-04
951,1.27E-04
952,1.27E-04
953,1.27E-04
954,1.27E-04
955,1.27E-04
956,1.27E-04
957,1.27E-04
958,1.27E-04
959,1.27E-04
960,1.27E-04
961,1.27E-04
962,1.27E-04
963,1.27E-04
964,1.27E-04
965,1.27E-04
966,1.27E-04
967,1.27E-04
968,1.27E-04
969,1.27E-04
970,1.27E-04
971,1.27E-04
972,1.27E-04
973,1.27E-04
974,1.27E-04
975,1.27E-04
976,1.27E-04
977,1.27E-04
978,1.27E-04
979,1.27E-04
980,1.27E-04
981,1.27E-04
982,1.27E-04
983,1.27E-04
984,1.27E-04
985,1.27E-04
986,1.27E-04
987,1.27E-04
988,1.27E-04
989,1.27E-04
990,1.27E-04
991,1.27E-04
992,1.27E-04
993,1.27E-04
994,1.27E-04
995,1.27E-04
996,1.27E-04
997,1.27E-04
998,1.27E-04
999,1.27E-04
1000,1.27E-04
1001,1.27E-04
1002,1.27E-04
1003,1.27E-04
1004,1.27E-04
1005,1.27E-04
1006,1.27E-04
1007,1.27E-04
1008,1.27E-04
1009,1.27E-04
1010,1.27E-04
1011,1.27E-04
1012,1.27E-04
1013,1.27E-04
1014,1.27E-04
1015,1.27E-04
1016,1.27E-04
1017,1.27E-04
1018,1.27E-04
1019,1.27E-04
1020,1.27E-04
1021,1.27E-04
1022,1.27E-04
1023,1.27E-04
1024,1.27E-04
1025,1.27E-04
1026,1.27E-04
1027,1.27E-04
1028,1.27E-04
1029,1.27E-04
1030,1.27E-04
1031,1.27E-04
1032,1.27E-04
1033,1.27E-04
1034,1.27E-04
1035,1.27E-04
1036,1.27E-04
1037,1.27E-04
1038,1.27E-04
1039,1.27E-04
1040,1.27E-04
1041,1.27E-04
1042,1.27E-04
1043,1.27E-04
1044,1.27E-04
1045,1.27E-04
1046,1.27E-04
1047,1.27E-04
1048,1.27E-04
1049,1.27E-04
1050,1.27E-04
1051,1.27E-04
1052,1.27E-04
1053,1.27E-04
1054,1.27E-04
1055,1.27E-04
1056,1.27E-04
1057,1.27E-04
1058,1.27E-04
1059,1.27E-04
1060,1.27E-04
1061,1.27E-04
1062,1.27E-04
1063,1.27E-04
1064,1.27E-04
1065,1.27E-04
1066,1.27E-04
1067,1.27E-04
1068,1.27E-04
1069,1.27E-04
1070,1.27E-04
1071,1.27E-04
1072,1.27E-04
1073,1.27E-04
1074,1.27E-04
1075,1.27E-04
1076,1.27E-04
1077,1.27E-04
1078,1.27E-04
1079,1.27E-04
1080,1.27E-04
1081,1.27E-04
1082,1.27E-04
1083,1.27E-04
1084,1.27E-04
1085,1.27E-04
1086,1.27E-04
1087,1.27E-04
1088,1.27E-04
1089,1.27E-04
1090,1.27E-04
1091,1.27E-04
1092,1.27E-04
1093,1.27E-04
1094,1.27E-04
1095,1.27E-04
1096,1.27E-04
1097,1.27E-04
1098,1.27E-04
1099,1.27E-04
1100,1.27E-04
1101,1.27E-04
1102,1.27E-04
1103,1.27E-04
1104,1.27E-04
1105,1.27E-04
1106,1.27E-04
1107,1.27E-04
1108,1.27E-04
1109,1.27E-04
1110,1.27E-04
1111,1.27E-04
1112,1.27E-04
1113,1.27E-04
1114,1.27E-04
1115,1.27E-04
1116,1.27E-04
1117,1.27E-04
1118,1.27E-04
1119,1.27E-04
1120,1.27E-04
1121,1.27E-04
1122,1.27E-04
1123,1.27E-04
1124,1.27E-04
1125,1.27E-04
1126,1.27E-04
1127,1.27E-04
1128,1.27E-04
1129,1.27E-04
1130,1.27E-04
1131,1.27E-04
1132,1.27E-04
1133,1.27E-04
1134,1.27E-04
1135,1.27E-04
1136,1.27E-04
1137,1.27E-04
1138,1.27E-04
1139,1.27E-04
1140,1.27E-04
1141,1.27E-04
1142,1.27E-04
1143,1.27E-04
1144,1.27E-04
1145,1.27E-04
1146,1.27E-04
1147,1.27E-04
1148,1.27E-04
1149,1.27E-04
1150,1.27E-04
1151,1.27E-04
1152,1.27E-04
1153,1.27E-04
1154,1.27E-04
1155,1.27E-04
1156,1.27E-04
1157,1.27E-04
1158,1.27E-04
1159,1.27E-04
1160,1.27E-04
1161,1.27E-04
1162,1.27E-04
1163,1.27E-04
1164,1.27E-04
1165,1.27E-04
1166,1.27E-04
1167,1.27E-04
1168,1.27E-04
1169,1.27E-04
1170,1.27E-04
1171,1.27E-04
1172,1.27E-04
1173,1.27E-04
1174,1.27E-04
1175,1.27E-04
1176,1.27E-04
1177,1.27E-04
1178,1.27E-04
1179,1.27E-04
1180,1.27E-04
1181,1.27E-04
1182,1.27E-04
1183,1.27E-04
1184,1.27E-04
1185,1.27E-04
1186,1.27E-04
1187,1.27E-04
1188,1.27E-04
1189,1.27E-04
1190,1.27E-04
1191,1.27E-04
1192,1.27E-04
1193,1.27E-04
1194,1.27E-04
1195,1.27E-04
1196,1.27E-04
1197,1.27E-04
1198,1.27E-04
1199,1.27E-04
1200,1.27E-04
1201,1.27E-04
1202,1.27E-04
1203,1.27E-04
1204,1.27E-04
1205,1.27E-04
1206,1.27E-04
1207,1.27E-04
1208,1.27E-04
1209,1.27E-04
1210,1.27E-04
1211,1.27E-04
1212,1.27E-04
1213,1.27E-04
1214,1.27E-04
1215,1.27E-04
1216,1.27E-04
1217,1.27E-04
1218,1.27E-04
1219,1.27E-04
1220,1.27E-04
1221,1.27E-04
1222,1.27E-04
1223,1.27E-04
1224,1.27E-04
1225,1.27E-04
1226,1.27E-04
1227,1.27E-04
1228,1.27E-04
1229,1.27E-04
1230,1.27E-04
1231,1.27E-04
1232,1.27E-04
1233,1.27E-04
1234,1.27E-04
1235,1.27E-04
1236,1.27E-04
1237,1.27E-04
1238,1.27E-04
1239,1.27E-04
1240,1.27E-04
1241,1.27E-04
1242,1.27E-04
1243,1.32E-04
1244,1.42E-04
1245,1.53E-04
1246,1.66E-04
1247,1.80E-04
1248,1.96E-04
1249,2.15E-04
1250,2.37E-04
1251,2.63E-04
1252,2.94E-04
1253,3.31E-04
1254,3.76E-04
1255,4.32E-04
1256,5.02E-04
1257,5.92E-04
1258,7.11E-04
1259,8.73E-04
1260,1.10E-03
1261,1.43E-03
1262,1.94E-03
1263,2.71E-03
1264,3.87E-03
1265,5.21E-03
1266,6.07E-03
1267,6.00E-03
1268,5.32E-03
1269,4.62E-03
1270,4.28E-03
1271,4.45E-03
1272,5.06E-03
1273,5.66E-03
1274,5.74E-03
1275,5.15E-03
1276,4.28E-03
1277,3.58E-03
1278,3.28E-03
1279,3.34E-03
1280,3.48E-03
1281,3.46E-03
1282,3.24E-03
1283,2.90E-03
1284,2.54E-03
1285,2.26E-03
1286,2.13E-03
1287,2.08E-03
1288,1.99E-03
1289,1.86E-03
1290,1.72E-03
1291,1.58E-03
1292,1.44E-03
1293,1.29E-03
1294,1.16E-03
1295,1.05E-03
1296,9.49E-04
1297,8.64E-04
1298,7.85E-04
1299,7.02E-04
1300,6.09E-04
1301,5.20E-04
1302,4.53E-04
1303,4.05E-04
1304,3.60E-04
1305,3.16E-04
1306,2.77E-04
1307,2.45E-04
1308,2.11E-04
1309,1.81E-04
1310,1.57E-04
1311,1.39E-04
1312,1.27E-04
1313,1.27E-04
1314,1.27E-04
1315,1.27E-04
1316,1.27E-04
1317,1.27E-04
1318,1.27E-04
1319,1.27E-04
1320,1.27E-04
1321,1.27E-04
1322,1.27E-04
1323,1.27E-04
1324,1.27E-04
1325,1.27E-04
1326,1.27E-04
1327,1.27E-04
1328,1.27E-04
1329,1.27E-04
1330,1.27E-04
1331,1.27E-04
1332,1.27E-04
1333,1.27E-04
1334,1.27E-04
1335,1.27E-04
1336,1.27E-04
1337,1.27E-04
1338,1.27E-04
1339,1.27E-04
1340,1.27E-04
1341,1.27E-04
1342,1.27E-04
1343,1.27E-04
1344,1.27E-04
1345,1.27E-04
1346,1.27E-04
1347,1.27E-04
1348,1.27E-04
1349,1.27E-04
1350,1.27E-04
1351,1.27E-04
1352,1.27E-04
1353,1.27E-04
1354,1.27E-04
1355,1.27E-04
1356,1.27E-04
1357,1.27E-04
1358,1.27E-04
1359,1.27E-04
1360,1.27E-04
1361,1.27E-04
1362,1.27E-04
1363,1.27E-04
1364,1.27E-04
1365,1.27E-04
1366,1.27E-04
1367,1.27E-04
1368,1.27E-04
1369,1.27E-04
1370,1.27E-04
1371,1.27E-04
1372,1.27E-04
1373,1.27E-04
1374,1.27E-04
1375,1.27E-04
1376,1.27E-04
1377,1.27E-04
1378,1.27E-04
1379,1.27E-04
1380,1.27E-04
1381,1.27E-04
1382,1.27E-04
1383,1.27E-04
1384,1.27E-04
1385,1.27E-04
1386,1.27E-04
1387,1.27E-04
1388,1.27E-04
1389,1.27E-04
1390,1.27E-04
1391,1.27E-04
1392,1.27E-04
1393,1.27E-04
1394,1.27E-04
1395,1.27E-04
1396,1.27E-04
1397,1.27E-04
1398,1.27E-04
1399,1.27E-04
1400,1.27E-04
1401,1.27E-04
1402,1.27E-04
1403,1.27E-04
1404,1.27E-04
1405,1.27E-04
1406,1.27E-04
1407,1.27E-04
1408,1.27E-04
1409,1.27E-04
1410,1.27E-04
1411,1.27E-04
1412,1.27E-04
1413,1.27E-04
1414,1.27E-04
1415,1.27E-04
1416,1.27E-04
1417,1.27E-04
1418,1.27E-04
1419,1.27E-04
1420,1.27E-04
1421,1.27E-04
1422,1.27E-04
1423,1.27E-04
1424,1.27E-04
1425,1.27E-04
1426,1.27E-04
1427,1.27E-04
1428,1.27E-04
1429,1.27E-04
1430,1.27E-04
1431,1.27E-04
1432,1.27E-04
1433,1.27E-04
1434,1.27E-04
1435,1.27E-04
1436,1.27E-04
1437,1.27E-04
1438,1.27E-04
1439,1.27E-04
1440,1.27E-04
1441,1.27E-04
1442,1.27E-04
1443,1.27E-04
1444,1.27E-04
1445,1.27E-04
1446,1.27E-04
1447,1.27E-04
1448,1.27E-04
1449,1.27E-04
1450,1.27E-04
1451,1.27E-04
1452,1.27E-04
1453,1.27E-04
1454,1.27E-04
1455,1.27E-04
1456,1.27E-04
1457,1.27E-04
1458,1.27E-04
1459,1.27E-04
1460,1.27E-04
1461,1.27E-04
1462,1.27E-04
1463,1.27E-04
1464,1.27E-04
1465,1.27E-04
1466,1.27E-04
1467,1.27E-04
1468,1.27E-04
1469,1.27E-04
1470,1.27E-04
1471,1.27E-04
1472,1.27E-04
1473,1.27E-04
1474,1.27E-04
1475,1.27E-04
1476,1.27E-04
1477,1.27E-04
1478,1.27E-04
1479,1.27E-04
1480,1.27E-04
1481,1.27E-04
1482,1.27E-04
1483,1.27E-04
1484,1.27E-04
1485,1.27E-04
1486,1.27E-04
1487,1.27E-04
1488,1.27E-04
1489,1.27E-04
1490,1.27E-04
1491,1.27E-04
1492,1.27E-04
1493,1.27E-04
1494,1.27E-04
1495,1.27E-04
1496,1.27E-04
1497,1.27E-04
1498,1.27E-04
1499,1.27E-04
1500,1.27E-04
1501,1.27E-04
1502,1.27E-04
1503,1.27E-04
1504,1.27E-04
1505,1.27E-04
1506,1.27E-04
1507,1.27E-04
1508,1.27E-04
1509,1.27E-04
1510,1.27E-04
1511,1.27E-04
1512,1.27E-04
1513,1.27E-04
1514,1.27E-04
1515,1.27E-04
1516,1.27E-04
1517,1.27E-04
1518,1.27E-04
1519,1.27E-04
1520,1.27E-04
1521,1.27E-04
1522,1.27E-04
1523,1.27E-04
1524,1.27E-04
1525,1.27E-04
1526,1.27E-04
1527,1.27E-04
1528,1.27E-04
1529,1.27E-04
1530,1.27E-04
1531,1.27E-04
1532,1.27E-04
1533,1.27E-04
1534,1.27E-04
1535,1.27E-04
1536,1.27E-04
1537,1.27E-04
1538,1.27E-04
1539,1.27E-04
1540,1.27E-04
1541,1.27E-04
1542,1.27E-04
1543,1.27E-04
1544,1.27E-04
1545,1.27E-04
1546,1.27E-04
1547,1.27E-04
1548,1.27E-04
1549,1.27E-04
1550,1.27E-04
1551,1.27E-04
1552,1.27E-04
1553,1.27E-04
1554,1.27E-04
1555,1.27E-04
1556,1.27E-04
1557,1.27E-04
1558,1.27E-04
1559,1.27E-04
1560,1.27E-04
1561,1.27E-04
1562,1.27E-04
1563,1.27E-04
1564,1.27E-04
1565,1.27E-04
1566,1.27E-04
1567,1.27E-04
1568,1.27E-04
1569,1.27E-04
1570,1.27E-04
1571,1.27E-04
1572,1.27E-04
1573,1.27E-04
1574,1.27E-04
1575,1.27E-04
1576,1.27E-04
1577,1.27E-04
1578,1.27E-04
1579,1.27E-04
1580,1.27E-04
1581,1.27E-04
1582,1.27E-04
1583,1.27E-04
1584,1.27E-04
1585,1.27E-04
1586,1.27E-04
1587,1.27E-04
1588,1.27E-04
1589,1.27E-04
1590,1.27E-04
1591,1.27E-04
1592,1.27E-04
1593,1.27E-04
1594,1.27E-04
1595,1.27E-04
1596,1.27E-04
1597,1.27E-04
1598,1.27E-04
1599,1.27E-04
1600,1.27E-04
1601,1.27E-04
1602,1.27E-04
1603,1.27E-04
1604,1.27E-04
1605,1.27E-04
1606,1.27E-04
1607,1.27E-04
1608,1.27E-04
1609,1.27E-04
1610,1.27E-04
1611,1.27E-04
1612,1.27E-04
1613,1.27E-04
1614,1.27E-04
1615,1.27E-04
1616,1.27E-04
1617,1.27E-04
1618,1.27E-04
1619,1.27E-04
1620,1.27E-04
1621,1.27E-04
1622,1.27E-04
1623,1.27E-04
1624,1.27E-04
1625,1.27E-04
1626,1.27E-04
1627,1.27E-04
1628,1.27E-04
1629,1.27E-04
1630,1.27E-04
1631,1.27E-04
1632,1.27E-04
1633,1.27E-04
1634,1.27E-04
1635,1.27E-04
1636,1.27E-04
1637,1.27E-04
1638,1.27E-04
1639,1.27E-04
1640,1.27E-04
1641,1.27E-04
1642,1.27E-04
1643,1.27E-04
1644,1.27E-04
1645,1.27E-04
1646,1.27E-04
1647,1.27E-04
1648,1.27E-04
1649,1.27E-04
1650,1.27E-04
1651,1.27E-04
1652,1.27E-04
1653,1.27E-04
1654,1.27E-04
1655,1.27E-04
1656,1.27E-04
1657,1.27E-04
1658,1.27E-04
1659,1.27E-04
1660,1.27E-04
1661,1.27E-04
1662,1.27E-04
1663,1.27E-04
1664,1.27E-04
1665,1.27E-04
1666,1.27E-04
1667,1.27E-04
1668,1.27E-04
1669,1.27E-04
1670,1.27E-04
1671,1.27E-04
1672,1.27E-04
1673,1.27E-04
1674,1.27E-04
1675,1.27E-04
1676,1.27E-04
1677,1.27E-04
1678,1.27E-04
1679,1.27E-04
1680,1.32E-04
1681,1.63E-04
1682,2.07E-04
1683,2.72E-04
1684,3.70E-04
1685,5.21E-04
1686,7.43E-04
1687,9.98E-04
1688,1.17E-03
1689,1.18E-03
1690,1.06E-03
1691,9.17E-04
1692,8.18E-04
1693,8.02E-04
1694,8.51E-04
1695,8.86E-04
1696,8.31E-04
1697,6.92E-04
1698,5.47E-04
1699,4.54E-04
1700,4.20E-04
1701,4.20E-04
1702,4.18E-04
1703,4.02E-04
1704,3.80E-04
1705,3.41E-04
1706,2.90E-04
1707,2.54E-04
1708,2.34E-04
1709,2.14E-04
1710,1.93E-04
1711,1.81E-04
1712,1.78E-04
1713,1.71E-04
1714,1.51E-04
1715,1.28E-04
1716,1.27E-04
1717,1.27E-04
1718,1.27E-04
1719,1.27E-04
1720,1.27E-04
1721,1.27E-04
1722,1.27E-04
1723,1.27E-04
1724,1.27E-04
1725,1.27E-04
1726,1.27E-04
1727,1.27E-04
1728,1.27E-04
1729,1.27E-04
1730,1.27E-04
1731,1.27E-04
1732,1.27E-04
1733,1.27E-04
1734,1.27E-04
1735,1.27E-04
1736,1.27E-04
1737,1.27E-04
1738,1.27E-04
1739,1.27E-04
1740,1.27E-04
1741,1.27E-04
1742,1.27E-04
1743,1.27E-04
1744,1.27E-04
1745,1.27E-04
1746,1.27E-04
1747,1.27E-04
1748,1.27E-04
1749,1.27E-04
1750,1.27E-04
1751,1.27E-04
1752,1.27E-04
1753,1.27E-04
1754,1.27E-04
1755,1.27E-04
1756,1.27E-04
1757,1.27E-04
1758,1.27E-04
1759,1.27E-04
1760,1.27E-04
1761,1.27E-04
1762,1.27E-04
1763,1.27E-04
1764,1.27E-04
1765,1.27E-04
1766,1.27E-04
1767,1.27E-04
1768,1.27E-04
1769,1.27E-04
1770,1.27E-04
1771,1.27E-04
1772,1.27E-04
1773,1.27E-04
1774,1.27E-04
1775,1.27E-04
1776,1.27E-04
1777,1.27E-04
1778,1.27E-04
1779,1.27E-04
1780,1.27E-04
1781,1.27E-04
1782,1.27E-04
1783,1.27E-04
1784,1.27E-04
1785,1.27E-04
1786,1.27E-04
1787,1.27E-04
1788,1.27E-04
1789,1.27E-04
1790,1.27E-04
1791,1.27E-04
1792,1.27E-04
1793,1.27E-04
1794,1.27E-04
1795,1.27E-04
1796,1.27E-04
1797,1.27E-04
1798,1.27E-04
1799,1.27E-04
1800,1.27E-04
1801,1.27E-04
1802,1.27E-04
1803,1.27E-04
1804,1.27E-04
1805,1.27E-04
1806,1.27E-04
1807,1.27E-04
1808,1.27E-04
1809,1.27E-04
1810,1.27E-04
1811,1.27E-04
1812,1.27E-04
1813,1.27E-04
1814,1.27E-04
1815,1.27E-04
1816,1.27E-04
1817,1.27E-04
1818,1.27E-04
1819,1.27E-04
1820,1.27E-04
1821,1.27E-04
1822,1.27E-04
1823,1.27E-04
1824,1.27E-04
1825,1.27E-04
1826,1.27E-04
1827,1.27E-04
1828,1.27E-04
1829,1.27E-04
1830,1.27E-04
1831,1.27E-04
1832,1.27E-04
1833,1.27E-04
1834,1.27E-04
1835,1.27E-04
1836,1.27E-04
1837,1.27E-04
1838,1.27E-04
1839,1.27E-04
1840,1.27E-04
1841,1.27E-04
1842,1.27E-04
1843,1.27E-04
1844,1.27E-04
1845,1.27E-04
1846,1.27E-04
1847,1.27E-04
1848,1.27E-04
1849,1.27E-04
1850,1.27E-04
1851,1.27E-04
1852,1.27E-04
1853,1.27E-04
1854,1.27E-04
1855,1.27E-04
1856,1.27E-04
1857,1.27E-04
1858,1.27E-04
1859,1.27E-04
1860,1.27E-04
1861,1.27E-04
1862,1.27E-04
1863,1.27E-04
1864,1.27E-04
1865,1.27E-04
1866,1.27E-04
1867,1.27E-04
1868,1.27E-04
1869,1.27E-04
1870,1.27E-04
1871,1.27E-04
1872,1.27E-04
1873,1.27E-04
1874,1.27E-04
1875,1.27E-04
1876,1.27E-04
1877,1.27E-04
1878,1.27E-04
1879,1.27E-04
1880,1.27E-04
1881,1.27E-04
1882,1.27E-04
1883,1.27E-04
1884,1.27E-04
1885,1.27E-04
1886,1.27E-04
1887,1.27E-04
1888,1.27E-04
1889,1.27E-04
1890,1.27E-04
1891,1.27E-04
1892,1.27E-04
1893,1.27E-04
1894,1.27E-04
1895,1.27E-04
1896,1.27E-04
1897,1.27E-04
1898,1.27E-04
1899,1.27E-04
1900,1.27E-04
1901,1.27E-04
1902,1.27E-04
1903,1.27E-04
1904,1.27E-04
1905,1.27E-04
1906,1.27E-04
1907,1.27E-04
1908,1.27E-04
1909,1.27E-04
1910,1.27E-04
1911,1.27E-04
1912,1.27E-04
1913,1.27E-04
1914,1.27E-04
1915,1.27E-04
1916,1.27E-04
1917,1.27E-04
1918,1.27E-04
1919,1.27E-04
1920,1.27E-04
1921,1.27E-04
1922,1.27E-04
1923,1.27E-04
1924,1.27E-04
1925,1.27E-04
1926,1.27E-04
1927,1.27E-04
1928,1.27E-04
1929,1.27E-04
1930,1.27E-04
1931,1.27E-04
1932,1.27E-04
1933,1.27E-04
1934,1.27E-04
1935,1.27E-04
1936,1.27E-04
1937,1.27E-04
1938,1.27E-04
1939,1.27E-04
1940,1.27E-04
1941,1.27E-04
1942,1.27E-04
1943,1.27E-04
1944,1.27E-04
1945,1.27E-04
1946,1.27E-04
1947,1.27E-04
1948,1.27E-04
1949,1.27E-04
1950,1.27E-04
1951,1.27E-04
1952,1.27E-04
1953,1.27E-04
1954,1.27E-04
1955,1.27E-04
1956,1.27E-04
1957,1.27E-04
1958,1.27E-04
1959,1.27E-04
1960,1.27E-04
1961,1.27E-04
1962,1.27E-04
1963,1.27E-04
1964,1.27E-04
1965,1.27E-04
1966,1.27E-04
1967,1.27E-04
1968,1.27E-04
1969,1.27E-04
1970,1.27E-04
1971,1.27E-04
1972,1.27E-04
1973,1.27E-04
1974,1.27E-04
1975,1.27E-04
1976,1.27E-04
1977,1.27E-04
1978,1.27E-04
1979,1.27E-04
1980,1.27E-04
1981,1.27E-04
1982,1.27E-04
1983,1.27E-04
1984,1.27E-04
1985,1.27E-04
1986,1.27E-04
1987,1.27E-04
1988,1.27E-04
1989,1.27E-04
1990,1.27E-04
1991,1.27E-04
1992,1.27E-04
1993,1.27E-04
1994,1.27E-04
1995,1.27E-04
1996,1.27E-04
1997,1.27E-04
1998,1.27E-04
1999,1.27E-04
